Workbook

Sheet 설명
A1: KOSIS 기업생멸행정통계·전국사업체조사 (대구·서울·전국, 2019~2025)
A3: 출처: 국가데이터처(구 통계청) KOSIS 국가통계포털 (https://kosis.kr)
A4: 수집일: 2026-10-28
A6: [시트 구성]
A7: 기업생멸_산업별: 기업생멸행정통계 DT_6BD1101 시도별 산업(대분류)별 기업수(활동/신생/소멸), 전국·서울·대구, 2019~2025p. 신생률·소멸률은 %.
A8: 기업생멸_시도별: 위 통계표의 시도별 전체 산업 합계 (17개 시도 + 전국).
A9: 사업체_산업별(2020~24): 전국사업체조사 DT_1K52F08 시도·산업별 사업체수·종사자수·매출액, 2020~2024 (신기준).
A10: 사업체_산업별(2019~20구): 전국사업체조사 DT_1K52C01 (구기준) 2019~2020. 사업체수·종사자수만 제공.
A11: 사업체_시도별: 시도별 전체산업. 구기준(2019~2020)과 신기준(2020~2024)을 기준 열로 구분해 함께 수록.
A13: [주의사항]
A14: 1. 2025년 기업생멸 값은 잠정치(p)이며 소멸기업수·소멸률은 아직 공표되지 않아 비어 있음. 2026년 자료는 존재하지 않음 (기업생멸 최신 2025, 사업체조사 최신 2024).
A15: 2. 전국사업체조사 2019년은 구기준 표에만 있고 2020년 이후 신기준과 연속되지 않음. 같은 2020년이 구기준 전국 4,325,195개, 신기준 6,032,022개로 크게 다름. 2019와 2020~2024를 하나의 추세로 잇지 말 것.
... A22: 차트_ 시트: 각 데이터 시트의 연도별 구성비를 원그래프로 표시 (표는 데이터 시트 셀을 수식으로 참조, 상위 항목 외는 기타로 합산). 산업별은 대구 기준.

Sheet 기업생멸_산업별
A1: 지역 | B1: 산업 | C1: 2019_활동 | D1: 2019_신생 | E1: 2019_소멸 | F1: 2019_신생률(%) | G1: 2019_소멸률(%) | H1: 2020_활동 | I1: 2020_신생 | J1: 2020_소멸 | K1: 2020_신생률(%) | L1: 2020_소멸률(%) | M1: 2021_활동 | N1: 2021_신생 | O1: 2021_소멸 | P1: 2021_신생률(%) | Q1: 2021_소멸률(%) | R1: 2022_활동 | S1: 2022_신생 | T1: 2022_소멸 | U1: 2022_신생률(%) | V1: 2022_소멸률(%) | W1: 2023_활동 | X1: 2023_신생 | Y1: 2023_소멸 | Z1: 2023_신생률(%) | AA1: 2023_소멸률(%) | AB1: 2024_활동 | AC1: 2024_신생 | AD1: 2024_소멸 | AE1: 2024_신생률(%) | AF1: 2024_소멸률(%) | AG1: 2025p_활동 | AH1: 2025p_신생 | AI1: 2025p_신생률(%)
A2: 전국 | B2: 전체 | C2: 6576661 | D2: 1005463 | E2: 743882 | F2: 15.3 | G2: 11.3 | H2: 6873228 | I2: 1068917 | J2: 768274 | K2: 15.6 | L2: 11.2 | M2: 7113059 | N2: 1033758 | O2: 735422 | P2: 14.5 | Q2: 10.3 | R2: 7352787 | S2: 997471 | T2: 750657 | U2: 13.6 | V2: 10.2 | W2: 7538736 | X2: 955941 | Y2: 790516 | Z2: 12.7 | AA2: 10.5 | AB2: 7641751 | AC2: 922413 | AD2: 769411 | AE2: 12.1 | AF2: 10.1 | AG2: 7748044 | AH2: 908468 | AI2: 11.7
A3: 전국 | B3: 농업 임업 및 어업 | C3: 49704 | D3: 8635 | E3: 7491 | F3: 17.4 | G3: 15.1 | H3: 52398 | I3: 10076 | J3: 7053 | K3: 19.2 | L3: 13.5 | M3: 57003 | N3: 11319 | O3: 7247 | P3: 19.9 | Q3: 12.7 | R3: 61731 | S3: 11616 | T3: 9852 | U3: 18.8 | V3: 16 | W3: 60229 | X3: 8833 | Y3: 7814 | Z3: 14.7 | AA3: 13 | AB3: 63367 | AC3: 10833 | AD3: 7815 | AE3: 17.1 | AF3: 12.3 | AG3: 67462 | AH3: 11746 | AI3: 17.4
A4: 전국 | B4: 광업 | C4: 1481 | D4: 199 | E4: 216 | F4: 13.4 | G4: 14.6 | H4: 1463 | I4: 211 | J4: 218 | K4: 14.4 | L4: 14.9 | M4: 1430 | N4: 194 | O4: 181 | P4: 13.6 | Q4: 12.7 | R4: 1430 | S4: 193 | T4: 201 | U4: 13.5 | V4: 14.1 | W4: 1366 | X4: 131 | Y4: 161 | Z4: 9.6 | AA4: 11.8 | AB4: 1359 | AC4: 165 | AD4: 173 | AE4: 12.1 | AF4: 12.7 | AG4: 1279 | AH4: 101 | AI4: 7.9
A5: 전국 | B5: 제조업 | C5: 542524 | D5: 48313 | E5: 39537 | F5: 8.9 | G5: 7.3 | H5: 550332 | I5: 47853 | J5: 36861 | K5: 8.7 | L5: 6.7 | M5: 562351 | N5: 48944 | O5: 35680 | P5: 8.7 | Q5: 6.3 | R5: 566952 | S5: 40688 | T5: 37387 | U5: 7.2 | V5: 6.6 | W5: 565945 | X5: 37124 | Y5: 38745 | Z5: 6.6 | AA5: 6.8 | AB5: 560551 | AC5: 34362 | AD5: 36815 | AE5: 6.1 | AF5: 6.6 | AG5: 555441 | AH5: 32475 | AI5: 5.8
A6: 전국 | B6: 전기 가스 증기 및 공기 조절 공급업 | C6: 48663 | D6: 17314 | E6: 1414 | F6: 35.6 | G6: 2.9 | H6: 69769 | I6: 21883 | J6: 2321 | K6: 31.4 | L6: 3.3 | M6: 89744 | N6: 21748 | O6: 2621 | P6: 24.2 | Q6: 2.9 | R6: 108002 | S6: 20098 | T6: 2933 | U6: 18.6 | V6: 2.7 | W6: 124463 | X6: 18716 | Y6: 3472 | Z6: 15 | AA6: 2.8 | AB6: 141215 | AC6: 19155 | AD6: 4048 | AE6: 13.6 | AF6: 2.9 | AG6: 156870 | AH6: 18454 | AI6: 11.8
A7: 전국 | B7: 수도 하수 및 폐기물 처리 원료 재생업 | C7: 10093 | D7: 1065 | E7: 497 | F7: 10.6 | G7: 4.9 | H7: 10575 | I7: 928 | J7: 528 | K7: 8.8 | L7: 5 | M7: 10959 | N7: 902 | O7: 500 | P7: 8.2 | Q7: 4.6 | R7: 11504 | S7: 1001 | T7: 582 | U7: 8.7 | V7: 5.1 | W7: 11632 | X7: 736 | Y7: 602 | Z7: 6.3 | AA7: 5.2 | AB7: 11901 | AC7: 862 | AD7: 694 | AE7: 7.2 | AF7: 5.8 | AG7: 11743 | AH7: 549 | AI7: 4.7
A8: 전국 | B8: 건설업 | C8: 444396 | D8: 51172 | E8: 31755 | F8: 11.5 | G8: 7.1 | H8: 465352 | I8: 53585 | J8: 30841 | K8: 11.5 | L8: 6.6 | M8: 490882 | N8: 55382 | O8: 34064 | P8: 11.3 | Q8: 6.9 | R8: 509156 | S8: 50725 | T8: 37192 | U8: 10 | V8: 7.3 | W8: 520473 | X8: 49491 | Y8: 39611 | Z8: 9.5 | AA8: 7.6 | AB8: 526344 | AC8: 47376 | AD8: 40359 | AE8: 9 | AF8: 7.7 | AG8: 527213 | AH8: 44016 | AI8: 8.3
A9: 전국 | B9: 도매 및 소매업 | C9: 1437369 | D9: 202772 | E9: 172302 | F9: 14.1 | G9: 12 | H9: 1483304 | I9: 225866 | J9: 178294 | K9: 15.2 | L9: 12 | M9: 1531041 | N9: 230829 | O9: 181040 | P9: 15.1 | Q9: 11.8 | R9: 1578452 | S9: 230019 | T9: 192724 | U9: 14.6 | V9: 12.2 | W9: 1617335 | X9: 234276 | Y9: 209680 | Z9: 14.5 | AA9: 13 | AB9: 1631734 | AC9: 230146 | AD9: 206480 | AE9: 14.1 | AF9: 12.7 | AG9: 1662205 | AH9: 244338 | AI9: 14.7
A10: 전국 | B10: 운수 및 창고업 | C10: 591142 | D10: 62436 | E10: 44440 | F10: 10.6 | G10: 7.5 | H10: 592414 | I10: 49532 | J10: 46562 | K10: 8.4 | L10: 7.9 | M10: 596511 | N10: 54184 | O10: 41802 | P10: 9.1 | Q10: 7 | R10: 619316 | S10: 66889 | T10: 44096 | U10: 10.8 | V10: 7.1 | W10: 634277 | X10: 60066 | Y10: 55834 | Z10: 9.5 | AA10: 8.8 | AB10: 633169 | AC10: 56335 | AD10: 52046 | AE10: 8.9 | AF10: 8.2 | AG10: 632721 | AH10: 55067 | AI10: 8.7
A11: 전국 | B11: 숙박 및 음식점업 | C11: 856474 | D11: 166596 | E11: 136097 | F11: 19.5 | G11: 15.9 | H11: 866002 | I11: 154741 | J11: 132778 | K11: 17.9 | L11: 15.3 | M11: 872805 | N11: 148279 | O11: 118711 | P11: 17 | Q11: 13.6 | R11: 892399 | S11: 145322 | T11: 124435 | U11: 16.3 | V11: 13.9 | W11: 918362 | X11: 157901 | Y11: 135105 | Z11: 17.2 | AA11: 14.7 | AB11: 916804 | AC11: 143842 | AD11: 129476 | AE11: 15.7 | AF11: 14.1 | AG11: 904820 | AH11: 128059 | AI11: 14.2
A12: 전국 | B12: 정보통신업 | C12: 96463 | D12: 18087 | E12: 10187 | F12: 18.8 | G12: 10.6 | H12: 107894 | I12: 21433 | J12: 11278 | K12: 19.9 | L12: 10.5 | M12: 122139 | N12: 25179 | O12: 13068 | P12: 20.6 | Q12: 10.7 | R12: 135003 | S12: 25777 | T12: 15201 | U12: 19.1 | V12: 11.3 | W12: 144789 | X12: 25351 | Y12: 15879 | Z12: 17.5 | AA12: 11 | AB12: 156357 | AC12: 27292 | AD12: 17136 | AE12: 17.5 | AF12: 11 | AG12: 168338 | AH12: 28967 | AI12: 17.2
A13: 전국 | B13: 금융 및 보험업 | C13: 21854 | D13: 3927 | E13: 3067 | F13: 18 | G13: 14 | H13: 22387 | I13: 3755 | J13: 3147 | K13: 16.8 | L13: 14.1 | M13: 23336 | N13: 4154 | O13: 2758 | P13: 17.8 | Q13: 11.8 | R13: 23578 | S13: 3480 | T13: 2902 | U13: 14.8 | V13: 12.3 | W13: 29506 | X13: 3509 | Y13: 2856 | Z13: 11.9 | AA13: 9.7 | AB13: 29893 | AC13: 3884 | AD13: 2819 | AE13: 13 | AF13: 9.4 | AG13: 31290 | AH13: 4184 | AI13: 13.4
... A41: 대구 | B41: 농업 임업 및 어업 | C41: 156 | D41: 33 | E41: 27 | F41: 21.2 | G41: 17.3 | H41: 180 | I41: 43 | J41: 33 | K41: 23.9 | L41: 18.3 | M41: 225 | N41: 78 | O41: 40 | P41: 34.7 | Q41: 17.8 | R41: 267 | S41: 80 | T41: 51 | U41: 30 | V41: 19.1 | W41: 381 | X41: 71 | Y41: 61 | Z41: 18.6 | AA41: 16 | AB41: 413 | AC41: 90 | AD41: 56 | AE41: 21.8 | AF41: 13.6 | AG41: 479 | AH41: 122 | AI41: 25.5
A42: 대구 | B42: 광업 | C42: 7 | D42: 2 | E42: 2 | F42: 28.6 | G42: 28.6 | H42: 6 | I42: 1 | J42: 2 | K42: 16.7 | L42: 33.3 | M42: 5 | N42: 1 | O42: 0 | P42: 20 | Q42: 0 | R42: 6 | S42: 1 | T42: 2 | U42: 16.7 | V42: 33.3 | W42: 6 | X42: 1 | Y42: - | Z42: 16.7 | AA42: - | AB42: 7 | AC42: - | AD42: 1 | AE42: - | AF42: 14.3 | AG42: 6 | AH42: 1 | AI42: 16.7
A43: 대구 | B43: 제조업 | C43: 31820 | D43: 2150 | E43: 2001 | F43: 6.8 | G43: 6.3 | H43: 31763 | I43: 2072 | J43: 1779 | K43: 6.5 | L43: 5.6 | M43: 31889 | N43: 2172 | O43: 1776 | P43: 6.8 | Q43: 5.6 | R43: 31668 | S43: 1697 | T43: 1808 | U43: 5.4 | V43: 5.7 | W43: 31666 | X43: 1624 | Y43: 1860 | Z43: 5.1 | AA43: 5.9 | AB43: 31177 | AC43: 1513 | AD43: 1766 | AE43: 4.9 | AF43: 5.7 | AG43: 30738 | AH43: 1479 | AI43: 4.8
A44: 대구 | B44: 전기 가스 증기 및 공기 조절 공급업 | C44: 476 | D44: 135 | E44: 11 | F44: 28.4 | G44: 2.3 | H44: 609 | I44: 122 | J44: 15 | K44: 20 | L44: 2.5 | M44: 791 | N44: 155 | O44: 15 | P44: 19.6 | Q44: 1.9 | R44: 927 | S44: 121 | T44: 26 | U44: 13.1 | V44: 2.8 | W44: 1688 | X44: 228 | Y44: 33 | Z44: 13.5 | AA44: 2 | AB44: 2105 | AC44: 306 | AD44: 42 | AE44: 14.5 | AF44: 2 | AG44: 2583 | AH44: 384 | AI44: 14.9
A45: 대구 | B45: 수도 하수 및 폐기물 처리 원료 재생업 | C45: 380 | D45: 36 | E45: 18 | F45: 9.5 | G45: 4.7 | H45: 398 | I45: 36 | J45: 22 | K45: 9 | L45: 5.5 | M45: 413 | N45: 33 | O45: 23 | P45: 8 | Q45: 5.6 | R45: 420 | S45: 32 | T45: 17 | U45: 7.6 | V45: 4 | W45: 443 | X45: 26 | Y45: 36 | Z45: 5.9 | AA45: 8.1 | AB45: 439 | AC45: 29 | AD45: 33 | AE45: 6.6 | AF45: 7.5 | AG45: 414 | AH45: 10 | AI45: 2.4
A46: 대구 | B46: 건설업 | C46: 17757 | D46: 1967 | E46: 1278 | F46: 11.1 | G46: 7.2 | H46: 18629 | I46: 2182 | J46: 1205 | K46: 11.7 | L46: 6.5 | M46: 19632 | N46: 2173 | O46: 1394 | P46: 11.1 | Q46: 7.1 | R46: 20239 | S46: 1997 | T46: 1463 | U46: 9.9 | V46: 7.2 | W46: 21232 | X46: 2003 | Y46: 1569 | Z46: 9.4 | AA46: 7.4 | AB46: 21419 | AC46: 1940 | AD46: 1646 | AE46: 9.1 | AF46: 7.7 | AG46: 21457 | AH46: 1845 | AI46: 8.6
A47: 대구 | B47: 도매 및 소매업 | C47: 71083 | D47: 9715 | E47: 8312 | F47: 13.7 | G47: 11.7 | H47: 71764 | I47: 9606 | J47: 8142 | K47: 13.4 | L47: 11.3 | M47: 72770 | N47: 9585 | O47: 8393 | P47: 13.2 | Q47: 11.5 | R47: 73648 | S47: 9575 | T47: 8217 | U47: 13 | V47: 11.2 | W47: 75595 | X47: 9853 | Y47: 9053 | Z47: 13 | AA47: 12 | AB47: 75085 | AC47: 8813 | AD47: 8723 | AE47: 11.7 | AF47: 11.6 | AG47: 75809 | AH47: 9757 | AI47: 12.9
A48: 대구 | B48: 운수 및 창고업 | C48: 30764 | D48: 2211 | E48: 1651 | F48: 7.2 | G48: 5.4 | H48: 31044 | I48: 2165 | J48: 1730 | K48: 7 | L48: 5.6 | M48: 31413 | N48: 2256 | O48: 1978 | P48: 7.2 | Q48: 6.3 | R48: 31760 | S48: 2510 | T48: 2093 | U48: 7.9 | V48: 6.6 | W48: 32331 | X48: 2615 | Y48: 2137 | Z48: 8.1 | AA48: 6.6 | AB48: 32526 | AC48: 2465 | AD48: 2151 | AE48: 7.6 | AF48: 6.6 | AG48: 32656 | AH48: 2363 | AI48: 7.2
A49: 대구 | B49: 숙박 및 음식점업 | C49: 38836 | D49: 7860 | E49: 6653 | F49: 20.2 | G49: 17.1 | H49: 38619 | I49: 6817 | J49: 6312 | K49: 17.7 | L49: 16.3 | M49: 38699 | N49: 6703 | O49: 5821 | P49: 17.3 | Q49: 15 | R49: 38671 | S49: 6095 | T49: 5547 | U49: 15.8 | V49: 14.3 | W49: 40068 | X49: 6763 | Y49: 6180 | Z49: 16.9 | AA49: 15.4 | AB49: 39602 | AC49: 6084 | AD49: 5874 | AE49: 15.4 | AF49: 14.8 | AG49: 38665 | AH49: 5355 | AI49: 13.8
A50: 대구 | B50: 정보통신업 | C50: 2128 | D50: 353 | E50: 230 | F50: 16.6 | G50: 10.8 | H50: 2285 | I50: 413 | J50: 247 | K50: 18.1 | L50: 10.8 | M50: 2523 | N50: 470 | O50: 277 | P50: 18.6 | Q50: 11 | R50: 2695 | S50: 453 | T50: 329 | U50: 16.8 | V50: 12.2 | W50: 2849 | X50: 459 | Y50: 354 | Z50: 16.1 | AA50: 12.4 | AB50: 3047 | AC50: 530 | AD50: 397 | AE50: 17.4 | AF50: 13 | AG50: 3257 | AH50: 612 | AI50: 18.8
A51: 대구 | B51: 금융 및 보험업 | C51: 850 | D51: 153 | E51: 118 | F51: 18 | G51: 13.9 | H51: 849 | I51: 123 | J51: 96 | K51: 14.5 | L51: 11.3 | M51: 882 | N51: 132 | O51: 111 | P51: 15 | Q51: 12.6 | R51: 872 | S51: 107 | T51: 89 | U51: 12.3 | V51: 10.2 | W51: 888 | X51: 101 | Y51: 125 | Z51: 11.4 | AA51: 14.1 | AB51: 885 | AC51: 119 | AD51: 105 | AE51: 13.4 | AF51: 11.9 | AG51: 934 | AH51: 153 | AI51: 16.4
A52: 대구 | B52: 부동산업 | C52: 55658 | D52: 7993 | E52: 6234 | F52: 14.4 | G52: 11.2 | H52: 59952 | I52: 10663 | J52: 6909 | K52: 17.8 | L52: 11.5 | M52: 61205 | N52: 8383 | O52: 6717 | P52: 13.7 | Q52: 11 | R52: 61224 | S52: 7062 | T52: 5417 | U52: 11.5 | V52: 8.8 | W52: 61889 | X52: 6055 | Y52: 5330 | Z52: 9.8 | AA52: 8.6 | AB52: 62110 | AC52: 5699 | AD52: 5552 | AE52: 9.2 | AF52: 8.9 | AG52: 61450 | AH52: 5141 | AI52: 8.4
A53: 대구 | B53: 전문과학기술서비스업 | C53: 6815 | D53: 903 | E53: 548 | F53: 13.3 | G53: 8 | H53: 7282 | I53: 987 | J53: 592 | K53: 13.6 | L53: 8.1 | M53: 7758 | N53: 1035 | O53: 608 | P53: 13.3 | Q53: 7.8 | R53: 8228 | S53: 1079 | T53: 703 | U53: 13.1 | V53: 8.5 | W53: 8687 | X53: 1067 | Y53: 783 | Z53: 12.3 | AA53: 9 | AB53: 8945 | AC53: 1089 | AD53: 783 | AE53: 12.2 | AF53: 8.8 | AG53: 9424 | AH53: 1226 | AI53: 13
A54: 대구 | B54: 사업시설관리 사업지원 및 임대 서비스업 | C54: 5347 | D54: 856 | E54: 827 | F54: 16 | G54: 15.5 | H54: 5500 | I54: 990 | J54: 744 | K54: 18 | L54: 13.5 | M54: 5518 | N54: 811 | O54: 624 | P54: 14.7 | Q54: 11.3 | R54: 5695 | S54: 823 | T54: 665 | U54: 14.5 | V54: 11.7 | W54: 5940 | X54: 867 | Y54: 685 | Z54: 14.6 | AA54: 11.5 | AB54: 6141 | AC54: 902 | AD54: 680 | AE54: 14.7 | AF54: 11.1 | AG54: 6495 | AH54: 1039 | AI54: 16
... A58: 대구 | B58: 협회단체 수리 및 개인서비스업 | C58: 14986 | D58: 2565 | E58: 1597 | F58: 17.1 | G58: 10.7 | H58: 15642 | I58: 2325 | J58: 1679 | K58: 14.9 | L58: 10.7 | M58: 16234 | N58: 2301 | O58: 1833 | P58: 14.2 | Q58: 11.3 | R58: 16461 | S58: 2134 | T58: 1659 | U58: 13 | V58: 10.1 | W58: 17208 | X58: 2336 | Y58: 1704 | Z58: 13.6 | AA58: 9.9 | AB58: 17815 | AC58: 2362 | AD58: 1505 | AE58: 13.3 | AF58: 8.4 | AG58: 18783 | AH58: 2484 | AI58: 13.2

Sheet 차트_기업생멸_산업별
A1: 대구 활동기업수 — 산업별 구성비 (상위 6개 산업 + 기타)
A2: 구분 | B2: 2019 | C2: 2020 | D2: 2021 | E2: 2022 | F2: 2023 | G2: 2024 | H2: 2025(잠정)
A3: 도매 및 소매업 | B3: =N(기업생멸_산업별!C47) -> 71083 | C3: =N(기업생멸_산업별!H47) -> 71764 | D3: =N(기업생멸_산업별!M47) -> 72770 | E3: =N(기업생멸_산업별!R47) -> 73648 | F3: =N(기업생멸_산업별!W47) -> 75595 | G3: =N(기업생멸_산업별!AB47) -> 75085 | H3: =N(기업생멸_산업별!AG47) -> 75809
A4: 부동산업 | B4: =N(기업생멸_산업별!C52) -> 55658 | C4: =N(기업생멸_산업별!H52) -> 59952 | D4: =N(기업생멸_산업별!M52) -> 61205 | E4: =N(기업생멸_산업별!R52) -> 61224 | F4: =N(기업생멸_산업별!W52) -> 61889 | G4: =N(기업생멸_산업별!AB52) -> 62110 | H4: =N(기업생멸_산업별!AG52) -> 61450
A5: 숙박 및 음식점업 | B5: =N(기업생멸_산업별!C49) -> 38836 | C5: =N(기업생멸_산업별!H49) -> 38619 | D5: =N(기업생멸_산업별!M49) -> 38699 | E5: =N(기업생멸_산업별!R49) -> 38671 | F5: =N(기업생멸_산업별!W49) -> 40068 | G5: =N(기업생멸_산업별!AB49) -> 39602 | H5: =N(기업생멸_산업별!AG49) -> 38665
A6: 운수 및 창고업 | B6: =N(기업생멸_산업별!C48) -> 30764 | C6: =N(기업생멸_산업별!H48) -> 31044 | D6: =N(기업생멸_산업별!M48) -> 31413 | E6: =N(기업생멸_산업별!R48) -> 31760 | F6: =N(기업생멸_산업별!W48) -> 32331 | G6: =N(기업생멸_산업별!AB48) -> 32526 | H6: =N(기업생멸_산업별!AG48) -> 32656
A7: 제조업 | B7: =N(기업생멸_산업별!C43) -> 31820 | C7: =N(기업생멸_산업별!H43) -> 31763 | D7: =N(기업생멸_산업별!M43) -> 31889 | E7: =N(기업생멸_산업별!R43) -> 31668 | F7: =N(기업생멸_산업별!W43) -> 31666 | G7: =N(기업생멸_산업별!AB43) -> 31177 | H7: =N(기업생멸_산업별!AG43) -> 30738
A8: 건설업 | B8: =N(기업생멸_산업별!C46) -> 17757 | C8: =N(기업생멸_산업별!H46) -> 18629 | D8: =N(기업생멸_산업별!M46) -> 19632 | E8: =N(기업생멸_산업별!R46) -> 20239 | F8: =N(기업생멸_산업별!W46) -> 21232 | G8: =N(기업생멸_산업별!AB46) -> 21419 | H8: =N(기업생멸_산업별!AG46) -> 21457
A9: 기타 | B9: =B10-SUM(B3:B8) -> 50266 | C9: =C10-SUM(C3:C8) -> 52108 | D9: =D10-SUM(D3:D8) -> 54332 | E9: =E10-SUM(E3:E8) -> 56261 | F9: =F10-SUM(F3:F8) -> 59179 | G9: =G10-SUM(G3:G8) -> 61527 | H9: =H10-SUM(H3:H8) -> 64680
A10: 합계 | B10: =N(기업생멸_산업별!C40) -> 296184 | C10: =N(기업생멸_산업별!H40) -> 303879 | D10: =N(기업생멸_산업별!M40) -> 309940 | E10: =N(기업생멸_산업별!R40) -> 313471 | F10: =N(기업생멸_산업별!W40) -> 321960 | G10: =N(기업생멸_산업별!AB40) -> 323446 | H10: =N(기업생멸_산업별!AG40) -> 325455
A63: 대구 신생기업수 — 산업별 구성비 (활동기업 상위 6개 산업 + 기타)
A64: 구분 | B64: 2019 | C64: 2020 | D64: 2021 | E64: 2022 | F64: 2023 | G64: 2024 | H64: 2025(잠정)
A65: 도매 및 소매업 | B65: =N(기업생멸_산업별!D47) -> 9715 | C65: =N(기업생멸_산업별!I47) -> 9606 | D65: =N(기업생멸_산업별!N47) -> 9585 | E65: =N(기업생멸_산업별!S47) -> 9575 | F65: =N(기업생멸_산업별!X47) -> 9853 | G65: =N(기업생멸_산업별!AC47) -> 8813 | H65: =N(기업생멸_산업별!AH47) -> 9757
A66: 부동산업 | B66: =N(기업생멸_산업별!D52) -> 7993 | C66: =N(기업생멸_산업별!I52) -> 10663 | D66: =N(기업생멸_산업별!N52) -> 8383 | E66: =N(기업생멸_산업별!S52) -> 7062 | F66: =N(기업생멸_산업별!X52) -> 6055 | G66: =N(기업생멸_산업별!AC52) -> 5699 | H66: =N(기업생멸_산업별!AH52) -> 5141
A67: 숙박 및 음식점업 | B67: =N(기업생멸_산업별!D49) -> 7860 | C67: =N(기업생멸_산업별!I49) -> 6817 | D67: =N(기업생멸_산업별!N49) -> 6703 | E67: =N(기업생멸_산업별!S49) -> 6095 | F67: =N(기업생멸_산업별!X49) -> 6763 | G67: =N(기업생멸_산업별!AC49) -> 6084 | H67: =N(기업생멸_산업별!AH49) -> 5355
A68: 운수 및 창고업 | B68: =N(기업생멸_산업별!D48) -> 2211 | C68: =N(기업생멸_산업별!I48) -> 2165 | D68: =N(기업생멸_산업별!N48) -> 2256 | E68: =N(기업생멸_산업별!S48) -> 2510 | F68: =N(기업생멸_산업별!X48) -> 2615 | G68: =N(기업생멸_산업별!AC48) -> 2465 | H68: =N(기업생멸_산업별!AH48) -> 2363
A69: 제조업 | B69: =N(기업생멸_산업별!D43) -> 2150 | C69: =N(기업생멸_산업별!I43) -> 2072 | D69: =N(기업생멸_산업별!N43) -> 2172 | E69: =N(기업생멸_산업별!S43) -> 1697 | F69: =N(기업생멸_산업별!X43) -> 1624 | G69: =N(기업생멸_산업별!AC43) -> 1513 | H69: =N(기업생멸_산업별!AH43) -> 1479
A70: 건설업 | B70: =N(기업생멸_산업별!D46) -> 1967 | C70: =N(기업생멸_산업별!I46) -> 2182 | D70: =N(기업생멸_산업별!N46) -> 2173 | E70: =N(기업생멸_산업별!S46) -> 1997 | F70: =N(기업생멸_산업별!X46) -> 2003 | G70: =N(기업생멸_산업별!AC46) -> 1940 | H70: =N(기업생멸_산업별!AH46) -> 1845
A71: 기타 | B71: =B72-SUM(B65:B70) -> 8108 | C71: =C72-SUM(C65:C70) -> 7899 | D71: =D72-SUM(D65:D70) -> 7989 | E71: =E72-SUM(E65:E70) -> 7717 | F71: =F72-SUM(F65:F70) -> 7932 | G71: =G72-SUM(G65:G70) -> 8385 | H71: =H72-SUM(H65:H70) -> 8933
A72: 합계 | B72: =N(기업생멸_산업별!D40) -> 40004 | C72: =N(기업생멸_산업별!I40) -> 41404 | D72: =N(기업생멸_산업별!N40) -> 39261 | E72: =N(기업생멸_산업별!S40) -> 36653 | F72: =N(기업생멸_산업별!X40) -> 36845 | G72: =N(기업생멸_산업별!AC40) -> 34899 | H72: =N(기업생멸_산업별!AH40) -> 34873

Sheet 기업생멸_시도별
A1: 지역 | B1: 2019_활동 | C1: 2019_신생 | D1: 2019_소멸 | E1: 2019_신생률(%) | F1: 2019_소멸률(%) | G1: 2020_활동 | H1: 2020_신생 | I1: 2020_소멸 | J1: 2020_신생률(%) | K1: 2020_소멸률(%) | L1: 2021_활동 | M1: 2021_신생 | N1: 2021_소멸 | O1: 2021_신생률(%) | P1: 2021_소멸률(%) | Q1: 2022_활동 | R1: 2022_신생 | S1: 2022_소멸 | T1: 2022_신생률(%) | U1: 2022_소멸률(%) | V1: 2023_활동 | W1: 2023_신생 | X1: 2023_소멸 | Y1: 2023_신생률(%) | Z1: 2023_소멸률(%) | AA1: 2024_활동 | AB1: 2024_신생 | AC1: 2024_소멸 | AD1: 2024_신생률(%) | AE1: 2024_소멸률(%) | AF1: 2025p_활동 | AG1: 2025p_신생 | AH1: 2025p_신생률(%)
A2: 전국 | B2: 6576661 | C2: 1005463 | D2: 743882 | E2: 15.3 | F2: 11.3 | G2: 6873228 | H2: 1068917 | I2: 768274 | J2: 15.6 | K2: 11.2 | L2: 7113059 | M2: 1033758 | N2: 735422 | O2: 14.5 | P2: 10.3 | Q2: 7352787 | R2: 997471 | S2: 750657 | T2: 13.6 | U2: 10.2 | V2: 7538736 | W2: 955941 | X2: 790516 | Y2: 12.7 | Z2: 10.5 | AA2: 7641751 | AB2: 922413 | AC2: 769411 | AD2: 12.1 | AE2: 10.1 | AF2: 7748044 | AG2: 908468 | AH2: 11.7
A3: 서울 | B3: 1416327 | C3: 204014 | D3: 157448 | E3: 14.4 | F3: 11.1 | G3: 1461453 | H3: 217009 | I3: 167851 | J3: 14.8 | K3: 11.5 | L3: 1477255 | M3: 200029 | N3: 151670 | O3: 13.5 | P3: 10.3 | Q3: 1506361 | R3: 195073 | S3: 150154 | T3: 12.9 | U3: 10 | V3: 1530152 | W3: 182462 | X3: 156144 | Y3: 11.9 | Z3: 10.2 | AA3: 1529158 | AB3: 170586 | AC3: 150373 | AD3: 11.2 | AE3: 9.8 | AF3: 1537220 | AG3: 171459 | AH3: 11.2
A4: 부산광역시 | B4: 426396 | C4: 59156 | D4: 46238 | E4: 13.9 | F4: 10.8 | G4: 439833 | H4: 61778 | I4: 48049 | J4: 14 | K4: 10.9 | L4: 448653 | M4: 58947 | N4: 46383 | O4: 13.1 | P4: 10.3 | Q4: 457428 | R4: 57279 | S4: 45899 | T4: 12.5 | U4: 10 | V4: 462846 | W4: 53074 | X4: 56122 | Y4: 11.5 | Z4: 12.1 | AA4: 453922 | AB4: 49531 | AC4: 46100 | AD4: 10.9 | AE4: 10.2 | AF4: 455266 | AG4: 49921 | AH4: 11
A5: 대구 | B5: 296184 | C5: 40004 | D5: 31981 | E5: 13.5 | F5: 10.8 | G5: 303879 | H5: 41404 | I5: 31820 | J5: 13.6 | K5: 10.5 | L5: 309940 | M5: 39261 | N5: 31724 | O5: 12.7 | P5: 10.2 | Q5: 313471 | R5: 36653 | S5: 30390 | T5: 11.7 | U5: 9.7 | V5: 321960 | W5: 36845 | X5: 32150 | Y5: 11.4 | Z5: 10 | AA5: 323446 | AB5: 34899 | AC5: 31529 | AD5: 10.8 | AE5: 9.7 | AF5: 325455 | AG5: 34873 | AH5: 10.7
A6: 인천광역시 | B6: 350252 | C6: 66439 | D6: 44272 | E6: 19 | F6: 12.6 | G6: 366284 | H6: 62764 | I6: 43912 | J6: 17.1 | K6: 12 | L6: 384241 | M6: 62536 | N6: 42632 | O6: 16.3 | P6: 11.1 | Q6: 403387 | R6: 62173 | S6: 43278 | T6: 15.4 | U6: 10.7 | V6: 420566 | W6: 60804 | X6: 47076 | Y6: 14.5 | Z6: 11.2 | AA6: 429976 | AB6: 57731 | AC6: 46303 | AD6: 13.4 | AE6: 10.8 | AF6: 439513 | AG6: 57199 | AH6: 13
A7: 광주광역시 | B7: 171179 | C7: 26102 | D7: 20194 | E7: 15.2 | F7: 11.8 | G7: 177022 | H7: 26737 | I7: 19813 | J7: 15.1 | K7: 11.2 | L7: 181911 | M7: 25647 | N7: 19144 | O7: 14.1 | P7: 10.5 | Q7: 186749 | R7: 24900 | S7: 19622 | T7: 13.3 | U7: 10.5 | V7: 189290 | W7: 23253 | X7: 19961 | Y7: 12.3 | Z7: 10.5 | AA7: 190887 | AB7: 22402 | AC7: 19839 | AD7: 11.7 | AE7: 10.4 | AF7: 190925 | AG7: 21115 | AH7: 11.1
A8: 대전광역시 | B8: 175750 | C8: 26004 | D8: 20267 | E8: 14.8 | F8: 11.5 | G8: 182917 | H8: 28515 | I8: 20928 | J8: 15.6 | K8: 11.4 | L8: 186834 | M8: 25792 | N8: 19416 | O8: 13.8 | P8: 10.4 | Q8: 191724 | R8: 25272 | S8: 19948 | T8: 13.2 | U8: 10.4 | V8: 195421 | W8: 24674 | X8: 20916 | Y8: 12.6 | Z8: 10.7 | AA8: 198158 | AB8: 24810 | AC8: 21069 | AD8: 12.5 | AE8: 10.6 | AF8: 199165 | AG8: 23111 | AH8: 11.6
A9: 울산광역시 | B9: 125455 | C9: 18433 | D9: 15294 | E9: 14.7 | F9: 12.2 | G9: 128461 | H9: 19081 | I9: 15501 | J9: 14.9 | K9: 12.1 | L9: 130501 | M9: 18032 | N9: 14791 | O9: 13.8 | P9: 11.3 | Q9: 132816 | R9: 17397 | S9: 14390 | T9: 13.1 | U9: 10.8 | V9: 134683 | W9: 16692 | X9: 14580 | Y9: 12.4 | Z9: 10.8 | AA9: 134666 | AB9: 15274 | AC9: 14035 | AD9: 11.3 | AE9: 10.4 | AF9: 135210 | AG9: 15107 | AH9: 11.2
A10: 세종특별자치시 | B10: 34502 | C10: 7749 | D10: 4418 | E10: 22.5 | F10: 12.8 | G10: 38674 | H10: 8435 | I10: 5203 | J10: 21.8 | K10: 13.5 | L10: 41867 | M10: 8347 | N10: 4913 | O10: 19.9 | P10: 11.7 | Q10: 44648 | R10: 7678 | S10: 4934 | T10: 17.2 | U10: 11.1 | V10: 46678 | W10: 6931 | X10: 5387 | Y10: 14.8 | Z10: 11.5 | AA10: 47906 | AB10: 6655 | AC10: 5358 | AD10: 13.9 | AE10: 11.2 | AF10: 48613 | AG10: 6415 | AH10: 13.2
A11: 경기도 | B11: 1684945 | C11: 274258 | D11: 193096 | E11: 16.3 | F11: 11.5 | G11: 1790631 | H11: 300304 | I11: 199479 | J11: 16.8 | K11: 11.1 | L11: 1893862 | M11: 302738 | N11: 200443 | O11: 16 | P11: 10.6 | Q11: 1981680 | R11: 289590 | S11: 205053 | T11: 14.6 | U11: 10.3 | V11: 2060511 | W11: 284254 | X11: 217377 | Y11: 13.8 | Z11: 10.5 | AA11: 2118812 | AB11: 276371 | AC11: 222692 | AD11: 13 | AE11: 10.5 | AF11: 2161838 | AG11: 271855 | AH11: 12.6
A12: 강원특별자치도 | B12: 194091 | C12: 28561 | D12: 21316 | E12: 14.7 | F12: 11 | G12: 202991 | H12: 30653 | I12: 21809 | J12: 15.1 | K12: 10.7 | L12: 210794 | M12: 29833 | N12: 20798 | O12: 14.2 | P12: 9.9 | Q12: 219646 | R12: 29466 | S12: 24550 | T12: 13.4 | U12: 11.2 | V12: 224708 | W12: 30069 | X12: 22265 | Y12: 13.4 | Z12: 9.9 | AA12: 229683 | AB12: 27612 | AC12: 21862 | AD12: 12 | AE12: 9.5 | AF12: 235182 | AG12: 27887 | AH12: 11.9
A13: 충청북도 | B13: 196881 | C13: 29587 | D13: 21563 | E13: 15 | F13: 11 | G13: 206154 | H13: 31192 | I13: 22805 | J13: 15.1 | K13: 11.1 | L13: 212734 | M13: 29714 | N13: 21124 | O13: 14 | P13: 9.9 | Q13: 220912 | R13: 29511 | S13: 22112 | T13: 13.4 | U13: 10 | V13: 226187 | W13: 27781 | X13: 23375 | Y13: 12.3 | Z13: 10.3 | AA13: 230036 | AB13: 27390 | AC13: 22407 | AD13: 11.9 | AE13: 9.7 | AF13: 234705 | AG13: 27426 | AH13: 11.7
... A19: 제주특별자치도 | B19: 101130 | C19: 17259 | D19: 13166 | E19: 17.1 | F19: 13 | G19: 104970 | H19: 17318 | I19: 12605 | J19: 16.5 | K19: 12 | L19: 109472 | M19: 17388 | N19: 11390 | O19: 15.9 | P19: 10.4 | Q19: 114921 | R19: 16883 | S19: 12776 | T19: 14.7 | U19: 11.1 | V19: 116687 | W19: 14849 | X19: 13059 | Y19: 12.7 | Z19: 11.2 | AA19: 118209 | AB19: 14870 | AC19: 12268 | AD19: 12.6 | AE19: 10.4 | AF19: 120413 | AG19: 14935 | AH19: 12.4

Sheet 차트_기업생멸_시도별
A1: 활동기업수 — 시도별 구성비 (서울·경기·부산·대구·인천 + 기타 시도)
A2: 구분 | B2: 2019 | C2: 2020 | D2: 2021 | E2: 2022 | F2: 2023 | G2: 2024 | H2: 2025(잠정)
A3: 서울 | B3: =N(기업생멸_시도별!B3) -> 1416327 | C3: =N(기업생멸_시도별!G3) -> 1461453 | D3: =N(기업생멸_시도별!L3) -> 1477255 | E3: =N(기업생멸_시도별!Q3) -> 1506361 | F3: =N(기업생멸_시도별!V3) -> 1530152 | G3: =N(기업생멸_시도별!AA3) -> 1529158 | H3: =N(기업생멸_시도별!AF3) -> 1537220
A4: 경기 | B4: =N(기업생멸_시도별!B11) -> 1684945 | C4: =N(기업생멸_시도별!G11) -> 1790631 | D4: =N(기업생멸_시도별!L11) -> 1893862 | E4: =N(기업생멸_시도별!Q11) -> 1981680 | F4: =N(기업생멸_시도별!V11) -> 2060511 | G4: =N(기업생멸_시도별!AA11) -> 2118812 | H4: =N(기업생멸_시도별!AF11) -> 2161838
A5: 부산 | B5: =N(기업생멸_시도별!B4) -> 426396 | C5: =N(기업생멸_시도별!G4) -> 439833 | D5: =N(기업생멸_시도별!L4) -> 448653 | E5: =N(기업생멸_시도별!Q4) -> 457428 | F5: =N(기업생멸_시도별!V4) -> 462846 | G5: =N(기업생멸_시도별!AA4) -> 453922 | H5: =N(기업생멸_시도별!AF4) -> 455266
A6: 대구 | B6: =N(기업생멸_시도별!B5) -> 296184 | C6: =N(기업생멸_시도별!G5) -> 303879 | D6: =N(기업생멸_시도별!L5) -> 309940 | E6: =N(기업생멸_시도별!Q5) -> 313471 | F6: =N(기업생멸_시도별!V5) -> 321960 | G6: =N(기업생멸_시도별!AA5) -> 323446 | H6: =N(기업생멸_시도별!AF5) -> 325455
A7: 인천 | B7: =N(기업생멸_시도별!B6) -> 350252 | C7: =N(기업생멸_시도별!G6) -> 366284 | D7: =N(기업생멸_시도별!L6) -> 384241 | E7: =N(기업생멸_시도별!Q6) -> 403387 | F7: =N(기업생멸_시도별!V6) -> 420566 | G7: =N(기업생멸_시도별!AA6) -> 429976 | H7: =N(기업생멸_시도별!AF6) -> 439513
A8: 기타 | B8: =B9-SUM(B3:B7) -> 2402557 | C8: =C9-SUM(C3:C7) -> 2511148 | D8: =D9-SUM(D3:D7) -> 2599108 | E8: =E9-SUM(E3:E7) -> 2690460 | F8: =F9-SUM(F3:F7) -> 2742701 | G8: =G9-SUM(G3:G7) -> 2786437 | H8: =H9-SUM(H3:H7) -> 2828752
A9: 합계 | B9: =N(기업생멸_시도별!B2) -> 6576661 | C9: =N(기업생멸_시도별!G2) -> 6873228 | D9: =N(기업생멸_시도별!L2) -> 7113059 | E9: =N(기업생멸_시도별!Q2) -> 7352787 | F9: =N(기업생멸_시도별!V2) -> 7538736 | G9: =N(기업생멸_시도별!AA2) -> 7641751 | H9: =N(기업생멸_시도별!AF2) -> 7748044
A62: 신생기업수 — 시도별 구성비 (서울·경기·부산·대구·인천 + 기타 시도)
A63: 구분 | B63: 2019 | C63: 2020 | D63: 2021 | E63: 2022 | F63: 2023 | G63: 2024 | H63: 2025(잠정)
A64: 서울 | B64: =N(기업생멸_시도별!C3) -> 204014 | C64: =N(기업생멸_시도별!H3) -> 217009 | D64: =N(기업생멸_시도별!M3) -> 200029 | E64: =N(기업생멸_시도별!R3) -> 195073 | F64: =N(기업생멸_시도별!W3) -> 182462 | G64: =N(기업생멸_시도별!AB3) -> 170586 | H64: =N(기업생멸_시도별!AG3) -> 171459
A65: 경기 | B65: =N(기업생멸_시도별!C11) -> 274258 | C65: =N(기업생멸_시도별!H11) -> 300304 | D65: =N(기업생멸_시도별!M11) -> 302738 | E65: =N(기업생멸_시도별!R11) -> 289590 | F65: =N(기업생멸_시도별!W11) -> 284254 | G65: =N(기업생멸_시도별!AB11) -> 276371 | H65: =N(기업생멸_시도별!AG11) -> 271855
A66: 부산 | B66: =N(기업생멸_시도별!C4) -> 59156 | C66: =N(기업생멸_시도별!H4) -> 61778 | D66: =N(기업생멸_시도별!M4) -> 58947 | E66: =N(기업생멸_시도별!R4) -> 57279 | F66: =N(기업생멸_시도별!W4) -> 53074 | G66: =N(기업생멸_시도별!AB4) -> 49531 | H66: =N(기업생멸_시도별!AG4) -> 49921
A67: 대구 | B67: =N(기업생멸_시도별!C5) -> 40004 | C67: =N(기업생멸_시도별!H5) -> 41404 | D67: =N(기업생멸_시도별!M5) -> 39261 | E67: =N(기업생멸_시도별!R5) -> 36653 | F67: =N(기업생멸_시도별!W5) -> 36845 | G67: =N(기업생멸_시도별!AB5) -> 34899 | H67: =N(기업생멸_시도별!AG5) -> 34873
A68: 인천 | B68: =N(기업생멸_시도별!C6) -> 66439 | C68: =N(기업생멸_시도별!H6) -> 62764 | D68: =N(기업생멸_시도별!M6) -> 62536 | E68: =N(기업생멸_시도별!R6) -> 62173 | F68: =N(기업생멸_시도별!W6) -> 60804 | G68: =N(기업생멸_시도별!AB6) -> 57731 | H68: =N(기업생멸_시도별!AG6) -> 57199
A69: 기타 | B69: =B70-SUM(B64:B68) -> 361592 | C69: =C70-SUM(C64:C68) -> 385658 | D69: =D70-SUM(D64:D68) -> 370247 | E69: =E70-SUM(E64:E68) -> 356703 | F69: =F70-SUM(F64:F68) -> 338502 | G69: =G70-SUM(G64:G68) -> 333295 | H69: =H70-SUM(H64:H68) -> 323161
A70: 합계 | B70: =N(기업생멸_시도별!C2) -> 1005463 | C70: =N(기업생멸_시도별!H2) -> 1068917 | D70: =N(기업생멸_시도별!M2) -> 1033758 | E70: =N(기업생멸_시도별!R2) -> 997471 | F70: =N(기업생멸_시도별!W2) -> 955941 | G70: =N(기업생멸_시도별!AB2) -> 922413 | H70: =N(기업생멸_시도별!AG2) -> 908468

Sheet 사업체_산업별(2020~24)
A1: 지역 | B1: 산업 | C1: 2020_사업체수(개) | D1: 2020_종사자수(명) | E1: 2020_매출액(백만원) | F1: 2021_사업체수(개) | G1: 2021_종사자수(명) | H1: 2021_매출액(백만원) | I1: 2022_사업체수(개) | J1: 2022_종사자수(명) | K1: 2022_매출액(백만원) | L1: 2023_사업체수(개) | M1: 2023_종사자수(명) | N1: 2023_매출액(백만원) | O1: 2024_사업체수(개) | P1: 2024_종사자수(명) | Q1: 2024_매출액(백만원)
A2: 전국 | B2: 전체 산업 | C2: 6032022 | D2: 24813449 | E2: 6710918882 | F2: 6079702 | G2: 24931600 | H2: 7474083484 | I2: 6139899 | J2: 25217123 | K2: 8773555947 | L2: 6246489 | M2: 25445897 | N2: 8696034986 | O2: 6363262 | P2: 25641480 | Q2: 9038331262
A3: 전국 | B3: 농업 임업 및 어업(01~03) | C3: 12707 | D3: 63990 | E3: 19005954 | F3: 12775 | G3: 66163 | H3: 20997315 | I3: 13102 | J3: 66605 | K3: 22550162 | L3: 12630 | M3: 65192 | N3: 22269169 | O3: 11967 | P3: 62963 | Q3: 21220748
A4: 전국 | B4: 광업(05~08) | C4: 2205 | D4: 14941 | E4: 3811991 | F4: 2104 | G4: 14863 | H4: 4808468 | I4: 1936 | J4: 14442 | K4: 5884849 | L4: 1873 | M4: 13232 | N4: 5925865 | O4: 1913 | P4: 13098 | Q4: 6049722
A5: 전국 | B5: 제조업(10~34) | C5: 579645 | D5: 4260429 | E5: 1816488828 | F5: 579050 | G5: 4217537 | H5: 2171240106 | I5: 586532 | J5: 4253904 | K5: 2502873184 | L5: 537580 | M5: 4156969 | N5: 2421884637 | O5: 509467 | P5: 4159656 | Q5: 2598258671
A6: 전국 | B6: 전기 가스 증기 및 공기조절 공급업(35) | C6: 74092 | D6: 142433 | E6: 142088680 | F6: 88513 | G6: 156994 | H6: 165808133 | I6: 91286 | J6: 160666 | K6: 243279070 | L6: 109976 | M6: 175313 | N6: 242970547 | O6: 145874 | P6: 212795 | Q6: 236378872
A7: 전국 | B7: 수도 하수 및 폐기물 처리 원료 재생업(36~39) | C7: 13097 | D7: 127635 | E7: 30381831 | F7: 13296 | G7: 133172 | H7: 35648861 | I7: 13756 | J7: 134281 | K7: 37790836 | L7: 13696 | M7: 131801 | N7: 37669849 | O7: 13733 | P7: 132892 | Q7: 37911593
A8: 전국 | B8: 건설업(41~42) | C8: 471217 | D8: 2159187 | E8: 477618019 | F8: 485078 | G8: 1987478 | H8: 505268234 | I8: 494228 | J8: 1955608 | K8: 556896361 | L8: 497848 | M8: 1923114 | N8: 570314068 | O8: 504267 | P8: 1861094 | Q8: 546910803
A9: 전국 | B9: 도매 및 소매업(45~47) | C9: 1567298 | D9: 3689068 | E9: 1462009934 | F9: 1536229 | G9: 3668167 | H9: 1606287940 | I9: 1519506 | J9: 3577536 | K9: 1740118282 | L9: 1576429 | M9: 3574852 | N9: 1720691792 | O9: 1612664 | P9: 3551791 | Q9: 1719516835
A10: 전국 | B10: 운수 및 창고업(49~52) | C10: 593274 | D10: 1326727 | E10: 232910802 | F10: 616484 | G10: 1361418 | H10: 301540708 | I10: 644407 | J10: 1383516 | K10: 375136965 | L10: 669091 | M10: 1427375 | N10: 351939550 | O10: 673767 | P10: 1464734 | Q10: 386001244
A11: 전국 | B11: 숙박 및 음식점업(55~56) | C11: 865333 | D11: 2093205 | E11: 151057576 | F11: 863009 | G11: 2108073 | H11: 163084959 | I11: 858593 | J11: 2215219 | K11: 193891244 | L11: 860198 | M11: 2298936 | N11: 211357686 | O11: 858195 | P11: 2234009 | Q11: 219249696
A12: 전국 | B12: 정보통신업(58~63) | C12: 113304 | D12: 774130 | E12: 196342338 | F12: 120745 | G12: 831969 | H12: 228074208 | I12: 127974 | J12: 872905 | K12: 248523936 | L12: 131273 | M12: 873769 | N12: 256730850 | O12: 137647 | P12: 858952 | Q12: 264836260
A13: 전국 | B13: 금융 및 보험업(64~66) | C13: 63617 | D13: 696540 | E13: 1042386129 | F13: 64035 | G13: 710025 | H13: 1013314596 | I13: 64560 | J13: 700940 | K13: 1498795743 | L13: 65525 | M13: 703095 | N13: 1446645036 | O13: 69017 | P13: 735916 | Q13: 1515075966
... A61: 대구 | B61: 협회 및 단체 수리 및 기타 개인 서비스업(94~96) | C61: 24129 | D61: 42518 | E61: 2674039 | F61: 23627 | G61: 41372 | H61: 2638796 | I61: 23949 | J61: 41002 | K61: 2757715 | L61: 24959 | M61: 41550 | N61: 3034460 | O61: 26072 | P61: 42476 | Q61: 3579033

Sheet 차트_사업체_산업별(2020~24)
A1: 대구 사업체수 — 산업별 구성비 (상위 6개 산업 + 기타)
A2: 구분 | B2: 2020 | C2: 2021 | D2: 2022 | E2: 2023 | F2: 2024
A3: 도매 및 소매업 | B3: =N('사업체_산업별(2020~24)'!C49) -> 77644 | C3: =N('사업체_산업별(2020~24)'!F49) -> 74078 | D3: =N('사업체_산업별(2020~24)'!I49) -> 72840 | E3: =N('사업체_산업별(2020~24)'!L49) -> 75135 | F3: =N('사업체_산업별(2020~24)'!O49) -> 76045
A4: 숙박 및 음식점업 | B4: =N('사업체_산업별(2020~24)'!C51) -> 38760 | C4: =N('사업체_산업별(2020~24)'!F51) -> 38117 | D4: =N('사업체_산업별(2020~24)'!I51) -> 37517 | E4: =N('사업체_산업별(2020~24)'!L51) -> 37976 | F4: =N('사업체_산업별(2020~24)'!O51) -> 37729
A5: 운수 및 창고업 | B5: =N('사업체_산업별(2020~24)'!C50) -> 29382 | C5: =N('사업체_산업별(2020~24)'!F50) -> 31075 | D5: =N('사업체_산업별(2020~24)'!I50) -> 31605 | E5: =N('사업체_산업별(2020~24)'!L50) -> 34118 | F5: =N('사업체_산업별(2020~24)'!O50) -> 33457
A6: 제조업 | B6: =N('사업체_산업별(2020~24)'!C45) -> 33258 | C6: =N('사업체_산업별(2020~24)'!F45) -> 32690 | D6: =N('사업체_산업별(2020~24)'!I45) -> 32445 | E6: =N('사업체_산업별(2020~24)'!L45) -> 30025 | F6: =N('사업체_산업별(2020~24)'!O45) -> 28408
A7: 협회 및 단체 수리 및 기타 개인 서비스업 | B7: =N('사업체_산업별(2020~24)'!C61) -> 24129 | C7: =N('사업체_산업별(2020~24)'!F61) -> 23627 | D7: =N('사업체_산업별(2020~24)'!I61) -> 23949 | E7: =N('사업체_산업별(2020~24)'!L61) -> 24959 | F7: =N('사업체_산업별(2020~24)'!O61) -> 26072
A8: 건설업 | B8: =N('사업체_산업별(2020~24)'!C48) -> 19397 | C8: =N('사업체_산업별(2020~24)'!F48) -> 19393 | D8: =N('사업체_산업별(2020~24)'!I48) -> 19535 | E8: =N('사업체_산업별(2020~24)'!L48) -> 20206 | F8: =N('사업체_산업별(2020~24)'!O48) -> 20418
A9: 기타 | B9: =B10-SUM(B3:B8) -> 60463 | C9: =C10-SUM(C3:C8) -> 60818 | D9: =D10-SUM(D3:D8) -> 61332 | E9: =E10-SUM(E3:E8) -> 62969 | F9: =F10-SUM(F3:F8) -> 64712
A10: 합계 | B10: =N('사업체_산업별(2020~24)'!C42) -> 283033 | C10: =N('사업체_산업별(2020~24)'!F42) -> 279798 | D10: =N('사업체_산업별(2020~24)'!I42) -> 279223 | E10: =N('사업체_산업별(2020~24)'!L42) -> 285388 | F10: =N('사업체_산업별(2020~24)'!O42) -> 286841
A47: 대구 종사자수 — 산업별 구성비 (사업체수 상위 6개 산업 + 기타)
A48: 구분 | B48: 2020 | C48: 2021 | D48: 2022 | E48: 2023 | F48: 2024
A49: 도매 및 소매업 | B49: =N('사업체_산업별(2020~24)'!D49) -> 161985 | C49: =N('사업체_산업별(2020~24)'!G49) -> 159185 | D49: =N('사업체_산업별(2020~24)'!J49) -> 155393 | E49: =N('사업체_산업별(2020~24)'!M49) -> 155834 | F49: =N('사업체_산업별(2020~24)'!P49) -> 152493
A50: 숙박 및 음식점업 | B50: =N('사업체_산업별(2020~24)'!D51) -> 88027 | C50: =N('사업체_산업별(2020~24)'!G51) -> 88808 | D50: =N('사업체_산업별(2020~24)'!J51) -> 92541 | E50: =N('사업체_산업별(2020~24)'!M51) -> 97701 | F50: =N('사업체_산업별(2020~24)'!P51) -> 94265
A51: 운수 및 창고업 | B51: =N('사업체_산업별(2020~24)'!D50) -> 55003 | C51: =N('사업체_산업별(2020~24)'!G50) -> 56222 | D51: =N('사업체_산업별(2020~24)'!J50) -> 56927 | E51: =N('사업체_산업별(2020~24)'!M50) -> 59657 | F51: =N('사업체_산업별(2020~24)'!P50) -> 59297
A52: 제조업 | B52: =N('사업체_산업별(2020~24)'!D45) -> 173382 | C52: =N('사업체_산업별(2020~24)'!G45) -> 169828 | D52: =N('사업체_산업별(2020~24)'!J45) -> 169297 | E52: =N('사업체_산업별(2020~24)'!M45) -> 164964 | F52: =N('사업체_산업별(2020~24)'!P45) -> 159551
A53: 협회 및 단체 수리 및 기타 개인 서비스업 | B53: =N('사업체_산업별(2020~24)'!D61) -> 42518 | C53: =N('사업체_산업별(2020~24)'!G61) -> 41372 | D53: =N('사업체_산업별(2020~24)'!J61) -> 41002 | E53: =N('사업체_산업별(2020~24)'!M61) -> 41550 | F53: =N('사업체_산업별(2020~24)'!P61) -> 42476
A54: 건설업 | B54: =N('사업체_산업별(2020~24)'!D48) -> 87039 | C54: =N('사업체_산업별(2020~24)'!G48) -> 75353 | D54: =N('사업체_산업별(2020~24)'!J48) -> 75231 | E54: =N('사업체_산업별(2020~24)'!M48) -> 73138 | F54: =N('사업체_산업별(2020~24)'!P48) -> 70905
A55: 기타 | B55: =B56-SUM(B49:B54) -> 402603 | C55: =C56-SUM(C49:C54) -> 413795 | D55: =D56-SUM(D49:D54) -> 424596 | E55: =E56-SUM(E49:E54) -> 435941 | F55: =F56-SUM(F49:F54) -> 442259
A56: 합계 | B56: =N('사업체_산업별(2020~24)'!D42) -> 1010557 | C56: =N('사업체_산업별(2020~24)'!G42) -> 1004563 | D56: =N('사업체_산업별(2020~24)'!J42) -> 1014987 | E56: =N('사업체_산업별(2020~24)'!M42) -> 1028785 | F56: =N('사업체_산업별(2020~24)'!P42) -> 1021246

Sheet 사업체_산업별(2019~20구)
A1: 지역 | B1: 산업 | C1: 2019_사업체수(개) | D1: 2019_종사자수(명) | E1: 2020_사업체수(개) | F1: 2020_종사자수(명)
A2: 전국 | B2: 전체 산업 | C2: 4176549 | D2: 22723272 | E2: 4325195 | F2: 21583421
A3: 전국 | B3: 농업 임업 및 어업(01~03) | C3: 4522 | D3: 43920 | E3: 5948 | F3: 47481
A4: 전국 | B4: 광업(05~08) | C4: 1776 | D4: 14887 | E4: 1654 | F4: 13838
A5: 전국 | B5: 제조업(10~34) | C5: 440766 | D5: 4123817 | E5: 453257 | F5: 3984905
A6: 전국 | B6: 전기 가스 증기 및 공기조절 공급업(35) | C6: 3119 | D6: 67526 | E6: 4449 | F6: 69138
A7: 전국 | B7: 수도 하수 및 폐기물 처리 원료 재생업(36~39) | C7: 9423 | D7: 114085 | E7: 9627 | F7: 115110
A8: 전국 | B8: 건설업(41~42) | C8: 146293 | D8: 1504466 | E8: 158401 | F8: 1431792
A9: 전국 | B9: 도매 및 소매업(45~47) | C9: 1028323 | D9: 3289652 | E9: 1064434 | F9: 2962630
A10: 전국 | B10: 운수 및 창고업(49~52) | C10: 409288 | D10: 1155965 | E10: 420889 | F10: 1091939
A11: 전국 | B11: 숙박 및 음식점업(55~56) | C11: 785706 | D11: 2384828 | E11: 829555 | F11: 2023871
A12: 전국 | B12: 정보통신업(58~63) | C12: 45303 | D12: 606964 | E12: 49435 | F12: 620982
A13: 전국 | B13: 금융 및 보험업(64~66) | C13: 43555 | D13: 715399 | E13: 43242 | F13: 680970
... A61: 대구 | B61: 협회 및 단체 수리 및 기타 개인 서비스업(94~96) | C61: 21599 | D61: 43196 | E61: 21814 | F61: 39034

Sheet 차트_사업체_산업별(2019~20구)
A1: 대구 사업체수 — 산업별 구성비 (구기준, 상위 6개 산업 + 기타)
A2: 구분 | B2: 2019 | C2: 2020
A3: 도매 및 소매업 | B3: =N('사업체_산업별(2019~20구)'!C49) -> 54735 | C3: =N('사업체_산업별(2019~20구)'!E49) -> 55527
A4: 숙박 및 음식점업 | B4: =N('사업체_산업별(2019~20구)'!C51) -> 35707 | C4: =N('사업체_산업별(2019~20구)'!E51) -> 37259
A5: 제조업 | B5: =N('사업체_산업별(2019~20구)'!C45) -> 26600 | C5: =N('사업체_산업별(2019~20구)'!E45) -> 27088
A6: 협회 및 단체 수리 및 기타 개인 서비스업 | B6: =N('사업체_산업별(2019~20구)'!C61) -> 21599 | C6: =N('사업체_산업별(2019~20구)'!E61) -> 21814
A7: 운수 및 창고업 | B7: =N('사업체_산업별(2019~20구)'!C50) -> 21059 | C7: =N('사업체_산업별(2019~20구)'!E50) -> 21090
A8: 교육 서비스업 | B8: =N('사업체_산업별(2019~20구)'!C58) -> 11090 | C8: =N('사업체_산업별(2019~20구)'!E58) -> 10885
A9: 기타 | B9: =B10-SUM(B3:B8) -> 40154 | C9: =C10-SUM(C3:C8) -> 41246
A10: 합계 | B10: =N('사업체_산업별(2019~20구)'!C42) -> 210944 | C10: =N('사업체_산업별(2019~20구)'!E42) -> 214909
A30: 대구 종사자수 — 산업별 구성비 (구기준)
A31: 구분 | B31: 2019 | C31: 2020
A32: 도매 및 소매업 | B32: =N('사업체_산업별(2019~20구)'!D49) -> 154973 | C32: =N('사업체_산업별(2019~20구)'!F49) -> 132909
A33: 숙박 및 음식점업 | B33: =N('사업체_산업별(2019~20구)'!D51) -> 101892 | C33: =N('사업체_산업별(2019~20구)'!F51) -> 85600
A34: 제조업 | B34: =N('사업체_산업별(2019~20구)'!D45) -> 174311 | C34: =N('사업체_산업별(2019~20구)'!F45) -> 161744
A35: 협회 및 단체 수리 및 기타 개인 서비스업 | B35: =N('사업체_산업별(2019~20구)'!D61) -> 43196 | C35: =N('사업체_산업별(2019~20구)'!F61) -> 39034
A36: 운수 및 창고업 | B36: =N('사업체_산업별(2019~20구)'!D50) -> 47975 | C36: =N('사업체_산업별(2019~20구)'!F50) -> 43979
A37: 교육 서비스업 | B37: =N('사업체_산업별(2019~20구)'!D58) -> 81327 | C37: =N('사업체_산업별(2019~20구)'!F58) -> 76589
A38: 기타 | B38: =B39-SUM(B32:B37) -> 364260 | C38: =C39-SUM(C32:C37) -> 353735
A39: 합계 | B39: =N('사업체_산업별(2019~20구)'!D42) -> 967934 | C39: =N('사업체_산업별(2019~20구)'!F42) -> 893590

Sheet 사업체_시도별
A1: 기준 | B1: 지역 | C1: 2019_사업체수(개) | D1: 2019_종사자수(명) | E1: 2020_사업체수(개) | F1: 2020_종사자수(명) | G1: 2020_매출액(백만원) | H1: 2021_사업체수(개) | I1: 2021_종사자수(명) | J1: 2021_매출액(백만원) | K1: 2022_사업체수(개) | L1: 2022_종사자수(명) | M1: 2022_매출액(백만원) | N1: 2023_사업체수(개) | O1: 2023_종사자수(명) | P1: 2023_매출액(백만원) | Q1: 2024_사업체수(개) | R1: 2024_종사자수(명) | S1: 2024_매출액(백만원)
A2: 구기준(~2020) | B2: 전국 | C2: 4176549 | D2: 22723272 | E2: 4325195 | F2: 21583421
A3: 구기준(~2020) | B3: 서울 | C3: 823624 | D3: 5226997 | E3: 848552 | F3: 5044552
A4: 구기준(~2020) | B4: 부산 | C4: 290357 | D4: 1465433 | E4: 298386 | F4: 1364302
A5: 구기준(~2020) | B5: 대구 | C5: 210944 | D5: 967934 | E5: 214909 | F5: 893590
A6: 구기준(~2020) | B6: 인천 | C6: 206244 | D6: 1092494 | E6: 216249 | F6: 1051036
A7: 구기준(~2020) | B7: 광주 | C7: 123706 | D7: 631876 | E7: 125295 | F7: 582380
A8: 구기준(~2020) | B8: 대전 | C8: 119628 | D8: 633418 | E8: 123728 | F8: 618248
A9: 구기준(~2020) | B9: 울산 | C9: 87054 | D9: 533187 | E9: 89907 | F9: 493599
A10: 구기준(~2020) | B10: 세종 | C10: 18041 | D10: 125410 | E10: 19821 | F10: 122236
A11: 구기준(~2020) | B11: 경기 | C11: 934349 | D11: 5302740 | E11: 989105 | F11: 5028507
A12: 구기준(~2020) | B12: 강원 | C12: 146815 | D12: 670247 | E12: 150422 | F12: 627833
A13: 구기준(~2020) | B13: 충북 | C13: 133522 | D13: 741452 | E13: 138598 | F13: 707138
... A19: 구기준(~2020) | B19: 제주 | C19: 66098 | D19: 286304 | E19: 68491 | F19: 270199
A20: 신기준(2020~) | B20: 전국 | E20: 6032022 | F20: 24813449 | G20: 6710918882 | H20: 6079702 | I20: 24931600 | J20: 7474083484 | K20: 6139899 | L20: 25217123 | M20: 8773555947 | N20: 6246489 | O20: 25445897 | P20: 8696034986 | Q20: 6363262 | R20: 25641480 | S20: 9038331262
A21: 신기준(2020~) | B21: 서울 | E21: 1211053 | F21: 5868926 | G21: 2134723408 | H21: 1188091 | I21: 5771226 | J21: 2242880703 | K21: 1180025 | L21: 5795417 | M21: 2856087130 | N21: 1177287 | O21: 5800617 | P21: 2802352432 | Q21: 1176066 | R21: 5772456 | S21: 2896433490
A22: 신기준(2020~) | B22: 부산 | E22: 402003 | F22: 1537281 | G22: 319458916 | H22: 401254 | I22: 1544504 | J22: 347409336 | K22: 400565 | L22: 1554664 | M22: 394629618 | N22: 401008 | O22: 1555085 | P22: 393421493 | Q22: 402419 | R22: 1563954 | S22: 406057900
A23: 신기준(2020~) | B23: 대구 | E23: 283033 | F23: 1010557 | G23: 193823254 | H23: 279798 | I23: 1004563 | J23: 215868161 | K23: 279223 | L23: 1014987 | M23: 251979654 | N23: 285388 | O23: 1028785 | P23: 261039253 | Q23: 286841 | R23: 1021246 | S23: 254436148
A24: 신기준(2020~) | B24: 인천 | E24: 306108 | F24: 1208269 | G24: 282444533 | H24: 308892 | I24: 1223448 | J24: 335636557 | K24: 317133 | L24: 1250203 | M24: 376669966 | N24: 322297 | O24: 1258759 | P24: 378621843 | Q24: 328929 | R24: 1271660 | S24: 382352838
A25: 신기준(2020~) | B25: 광주 | E25: 170085 | F25: 667435 | G25: 155061679 | H25: 170973 | I25: 676261 | J25: 175689830 | K25: 170894 | L25: 675251 | M25: 184076132 | N25: 173424 | O25: 678748 | P25: 185532821 | Q25: 175238 | R25: 673601 | S25: 187590349
A26: 신기준(2020~) | B26: 대전 | E26: 164406 | F26: 691264 | G26: 139651065 | H26: 164095 | I26: 688457 | J26: 151895365 | K26: 164664 | L26: 695570 | M26: 171378512 | N26: 167782 | O26: 709610 | P26: 178329138 | Q26: 172209 | R26: 706075 | S26: 179761333
A27: 신기준(2020~) | B27: 울산 | E27: 117247 | F27: 543424 | G27: 239263923 | H27: 115408 | I27: 543984 | J27: 282862685 | K27: 115784 | L27: 547780 | M27: 369613875 | N27: 116666 | O27: 551628 | P27: 357496508 | Q27: 116775 | R27: 568107 | S27: 375440011
A28: 신기준(2020~) | B28: 세종 | E28: 28490 | F28: 139731 | G28: 32334651 | H28: 30478 | I28: 152974 | J28: 43213337 | K28: 33076 | L28: 158168 | M28: 46719861 | N28: 34099 | O28: 163650 | P28: 49010903 | Q28: 36117 | R28: 172001 | S28: 53502625
A29: 신기준(2020~) | B29: 경기 | E29: 1455644 | F29: 5886850 | G29: 1484086549 | H29: 1481054 | I29: 5994570 | J29: 1704841721 | K29: 1514951 | L29: 6103213 | M29: 1868460782 | N29: 1562116 | O29: 6187581 | P29: 1850889310 | Q29: 1604724 | R29: 6269495 | S29: 1975348132
A30: 신기준(2020~) | B30: 강원 | E30: 193074 | F30: 704983 | G30: 113947608 | H30: 200365 | I30: 714310 | J30: 124543268 | K30: 203375 | L30: 727557 | M30: 141135492 | N30: 209314 | O30: 738221 | P30: 143739289 | Q30: 214203 | R30: 751263 | S30: 145820494
A31: 신기준(2020~) | B31: 충북 | E31: 191265 | F31: 808018 | G31: 208157612 | H31: 194561 | I31: 817324 | J31: 237093905 | K31: 197158 | L31: 838620 | M31: 265658788 | N31: 203356 | O31: 845108 | P31: 259962229 | Q31: 208190 | R31: 861910 | S31: 280726572
... A37: 신기준(2020~) | B37: 제주 | E37: 94001 | F37: 318891 | G37: 51655100 | H37: 96131 | I37: 323316 | J37: 56732642 | K37: 96334 | L37: 320419 | M37: 63727132 | N37: 99122 | O37: 328773 | P37: 63341217 | Q37: 100168 | R37: 330702 | S37: 64110784

Sheet 차트_사업체_시도별
A1: 사업체수 — 시도별 구성비 (구기준, 서울·경기·부산·대구·인천 + 기타 시도)
A2: 구분 | B2: 2019 | C2: 2020
A3: 서울 | B3: =N(사업체_시도별!C3) -> 823624 | C3: =N(사업체_시도별!E3) -> 848552
A4: 경기 | B4: =N(사업체_시도별!C11) -> 934349 | C4: =N(사업체_시도별!E11) -> 989105
A5: 부산 | B5: =N(사업체_시도별!C4) -> 290357 | C5: =N(사업체_시도별!E4) -> 298386
A6: 대구 | B6: =N(사업체_시도별!C5) -> 210944 | C6: =N(사업체_시도별!E5) -> 214909
A7: 인천 | B7: =N(사업체_시도별!C6) -> 206244 | C7: =N(사업체_시도별!E6) -> 216249
A8: 기타 | B8: =B9-SUM(B3:B7) -> 1711031 | C8: =C9-SUM(C3:C7) -> 1757994
A9: 합계 | B9: =N(사업체_시도별!C2) -> 4176549 | C9: =N(사업체_시도별!E2) -> 4325195
A29: 사업체수 — 시도별 구성비 (신기준, 서울·경기·부산·대구·인천 + 기타 시도)
A30: 구분 | B30: 2020 | C30: 2021 | D30: 2022 | E30: 2023 | F30: 2024
A31: 서울 | B31: =N(사업체_시도별!E21) -> 1211053 | C31: =N(사업체_시도별!H21) -> 1188091 | D31: =N(사업체_시도별!K21) -> 1180025 | E31: =N(사업체_시도별!N21) -> 1177287 | F31: =N(사업체_시도별!Q21) -> 1176066
A32: 경기 | B32: =N(사업체_시도별!E29) -> 1455644 | C32: =N(사업체_시도별!H29) -> 1481054 | D32: =N(사업체_시도별!K29) -> 1514951 | E32: =N(사업체_시도별!N29) -> 1562116 | F32: =N(사업체_시도별!Q29) -> 1604724
A33: 부산 | B33: =N(사업체_시도별!E22) -> 402003 | C33: =N(사업체_시도별!H22) -> 401254 | D33: =N(사업체_시도별!K22) -> 400565 | E33: =N(사업체_시도별!N22) -> 401008 | F33: =N(사업체_시도별!Q22) -> 402419
A34: 대구 | B34: =N(사업체_시도별!E23) -> 283033 | C34: =N(사업체_시도별!H23) -> 279798 | D34: =N(사업체_시도별!K23) -> 279223 | E34: =N(사업체_시도별!N23) -> 285388 | F34: =N(사업체_시도별!Q23) -> 286841
A35: 인천 | B35: =N(사업체_시도별!E24) -> 306108 | C35: =N(사업체_시도별!H24) -> 308892 | D35: =N(사업체_시도별!K24) -> 317133 | E35: =N(사업체_시도별!N24) -> 322297 | F35: =N(사업체_시도별!Q24) -> 328929
A36: 기타 | B36: =B37-SUM(B31:B35) -> 2374181 | C36: =C37-SUM(C31:C35) -> 2420613 | D36: =D37-SUM(D31:D35) -> 2448002 | E36: =E37-SUM(E31:E35) -> 2498393 | F36: =F37-SUM(F31:F35) -> 2564283
A37: 합계 | B37: =N(사업체_시도별!E20) -> 6032022 | C37: =N(사업체_시도별!H20) -> 6079702 | D37: =N(사업체_시도별!K20) -> 6139899 | E37: =N(사업체_시도별!N20) -> 6246489 | F37: =N(사업체_시도별!Q20) -> 6363262
